model,metric,U0,U1,U2,rho,p
TransPose,MPJPE,16.741,18.482,26.961,0.447,0.003
TransPose,PA-MPJPE,14.437,15.949,20.809,0.475,0.001
PIP raw,MPJPE,17.391,16.206,17.053,-0.149,0.348
PIP raw,PA-MPJPE,12.471,12.770,13.483,0.145,0.359
DynaIP,MPJPE,25.363,23.027,23.608,-0.307,0.048
DynaIP,PA-MPJPE,19.627,18.490,19.050,-0.174,0.271
PNP,MPJPE,22.397,27.147,20.676,-0.058,0.714
PNP,PA-MPJPE,10.655,11.109,10.652,-0.003,0.986
TIP,MPJPE,19.290,20.617,18.925,-0.057,0.720
TIP,PA-MPJPE,14.710,14.663,14.502,-0.144,0.361
